City_ID,City,Country,Lat,Lng,Max Temp,Humidity,Cloudiness,Wind Speed,Current Description
0,Albany,US,42.6001,-73.9662,73.54,89,100,2.35,overcast clouds
1,Dongsheng,CN,39.8161,109.9776,69.01,34,100,15.46,overcast clouds
2,Berlevag,NO,70.8578,29.0864,35.08,72,100,26.02,light snow
3,Dikson,RU,73.5069,80.5464,28.83,85,99,4.34,overcast clouds
4,Punta Arenas,CL,-53.15,-70.9167,41.11,87,20,1.59,few clouds
5,Lodja,CD,-3.4833,23.4333,71.17,85,87,0.54,overcast clouds
6,Marzuq,YE,14.4,46.4667,76.69,39,23,3.4,few clouds
7,Moranbah,AU,-22.0016,148.0466,74.17,47,72,16.26,broken clouds
8,Sao Filipe,CV,14.8961,-24.4956,73.09,73,2,5.75,clear sky
9,Carnarvon,AU,-24.8667,113.6333,69.87,49,67,3.44,broken clouds
10,Mataura,NZ,-46.1927,168.8643,49.48,61,20,2.75,few clouds
11,Atherton,GB,53.5237,-2.4935,47.28,74,100,8.01,overcast clouds
12,San Joaquin,US,37.9333,-121.3011,74.1,26,1,10.36,clear sky
13,Cape Town,ZA,-33.9258,18.4232,52.12,63,0,3.51,clear sky
14,Mahebourg,MU,-20.4081,57.7,70.09,83,75,13.8,broken clouds
15,Kendari,ID,-3.945,122.4989,79.43,86,100,3.71,overcast clouds
16,Petropavlovsk-Kamchatskiy,RU,53.0452,158.6483,55.99,44,0,15.48,clear sky
17,Nikolskoye,RU,59.7035,30.7861,48.09,88,99,9.24,overcast clouds
18,Mar Del Plata,AR,-38.0023,-57.5575,60.1,56,90,18.01,light rain
19,Pochutla,MX,15.7432,-96.4661,85.82,69,3,2.89,clear sky
20,Nizhnevartovsk,RU,60.9344,76.5531,60.82,77,0,4.47,clear sky
21,Ust-Tsilma,RU,65.441,52.1498,62.19,76,65,9.42,broken clouds
22,Hermanus,ZA,-34.4187,19.2345,51.91,67,40,5.55,scattered clouds
23,Pierre,US,44.3683,-100.351,75.99,76,90,8.99,overcast clouds
24,Caravelas,BR,-17.7125,-39.2481,74.53,77,9,8.1,clear sky
25,Requena,ES,39.4883,-1.1004,57.79,38,100,5.03,overcast clouds
26,Ostrovnoy,RU,68.0531,39.5131,36.68,97,100,4.68,overcast clouds
27,Bluff,NZ,-46.6,168.3333,49.8,76,82,18.9,broken clouds
28,Samana,DO,19.2056,-69.3369,75.56,89,100,6.53,overcast clouds
29,Lazaro Cardenas,MX,17.9583,-102.2,78.35,58,13,4.65,few clouds
30,Bredasdorp,ZA,-34.5322,20.0403,43.92,74,22,4.79,few clouds
31,Guerrero Negro,MX,27.9769,-114.0611,61.0,67,0,21.5,clear sky
32,Wenatchee,US,47.4235,-120.3103,71.44,32,90,3.0,overcast clouds
33,Makakilo City,US,21.3469,-158.0858,82.72,51,75,10.36,broken clouds
34,Mareeba,AU,-17.0,145.4333,76.44,58,66,7.63,broken clouds
35,Busselton,AU,-33.65,115.3333,61.05,70,100,16.64,light rain
36,Cururupu,BR,-1.8283,-44.8683,75.65,94,16,3.27,few clouds
37,Puerto Ayora,EC,-0.7393,-90.3518,74.55,95,47,8.01,scattered clouds
38,Yellowknife,CA,62.456,-114.3525,56.32,35,1,3.0,clear sky
39,Butaritari,KI,3.0707,172.7902,81.82,77,100,22.12,overcast clouds
40,Hilo,US,19.7297,-155.09,74.39,94,90,3.44,moderate rain
41,Beian,NO,63.6559,9.5683,52.02,93,0,5.75,clear sky
42,Surin,TH,14.8818,103.4936,84.58,56,36,7.65,scattered clouds
43,Narsaq,GL,60.9167,-46.05,34.02,90,100,7.09,overcast clouds
44,Rikitea,PF,-23.1203,-134.9692,76.37,58,2,6.26,clear sky
45,Barrow,US,71.2906,-156.7887,30.22,93,90,24.16,overcast clouds
46,Ystad,SE,55.4297,13.8204,48.94,89,15,9.62,few clouds
47,Port Elizabeth,ZA,-33.918,25.5701,52.09,71,0,8.05,clear sky
48,Lagoa,PT,39.05,-27.9833,58.48,59,3,17.63,clear sky
49,Ponta Do Sol,PT,32.6667,-17.1,69.01,76,85,7.87,overcast clouds
50,Kapaa,US,22.0752,-159.319,82.38,82,1,3.0,clear sky
51,Santa Marinella,IT,42.0345,11.8536,62.08,83,11,16.26,few clouds
52,Hobart,AU,-42.8794,147.3294,61.27,64,20,1.99,few clouds
53,Tasiilaq,GL,65.6145,-37.6368,32.16,72,100,12.64,overcast clouds
54,Longyearbyen,SJ,78.2186,15.6401,22.84,74,75,5.75,broken clouds
55,Benguela,AO,-12.5763,13.4055,75.43,72,0,1.54,clear sky
56,Noumea,NC,-22.2763,166.4572,77.0,99,55,10.25,broken clouds
57,Victoria,HK,22.2855,114.1577,91.45,81,26,5.99,scattered clouds
58,Buala,SB,-8.145,159.5921,84.52,74,49,5.68,light rain
59,Chuy,UY,-33.6971,-53.4616,59.63,88,100,20.42,overcast clouds
60,Tuktoyaktuk,CA,69.4541,-133.0374,42.8,61,1,16.11,clear sky
61,Ahipara,NZ,-35.1667,173.1667,61.88,71,100,12.68,light rain
62,Kruisfontein,ZA,-34.0033,24.7314,47.88,73,1,8.08,clear sky
63,Novo Aripuana,BR,-5.1206,-60.3797,74.77,97,16,2.39,few clouds
64,Strezhevoy,RU,60.7333,77.5889,60.78,69,15,10.13,few clouds
65,Bintulu,MY,3.1667,113.0333,84.61,83,20,1.99,few clouds
66,Krasnoselkup,RU,65.7,82.4667,44.73,95,100,12.73,overcast clouds
67,Lebu,CL,-37.6167,-73.65,51.73,86,88,0.87,overcast clouds
68,Ushuaia,AR,-54.8,-68.3,40.66,93,75,9.22,broken clouds
69,Torrington,US,41.8007,-73.1212,70.99,72,100,2.62,overcast clouds
70,Keuruu,FI,62.2667,24.7,37.58,98,100,9.53,overcast clouds
71,Kargil,IN,34.5667,76.1,38.07,61,99,3.83,overcast clouds
72,Tiksi,RU,71.6872,128.8694,29.07,84,100,7.38,overcast clouds
73,Bambous Virieux,MU,-20.3428,57.7575,70.05,62,75,17.11,broken clouds
74,Tual,ID,-5.6667,132.75,81.05,82,71,19.64,light rain
75,Zaraza,VE,9.3503,-65.3245,78.3,75,71,5.44,broken clouds
76,Lata,PT,40.1629,-8.3327,55.06,84,100,2.24,overcast clouds
77,Avarua,CK,-21.2078,-159.775,77.05,78,90,11.5,overcast clouds
78,San Policarpo,PH,12.1791,125.5072,84.34,70,4,4.65,clear sky
79,Cabo San Lucas,MX,22.8909,-109.9124,85.51,47,1,11.5,clear sky
80,Port-Gentil,GA,-0.7193,8.7815,77.14,92,100,16.17,moderate rain
81,Khatanga,RU,71.9667,102.5,27.12,86,27,2.68,scattered clouds
82,Chokurdakh,RU,70.6333,147.9167,30.34,86,71,3.51,broken clouds
83,Bayburt,TR,40.2589,40.2278,56.98,52,99,4.41,overcast clouds
84,Lufilufi,WS,-13.8745,-171.5986,85.78,75,11,11.3,few clouds
85,Nicoya,CR,10.1483,-85.452,81.95,74,61,8.61,broken clouds
86,Qaanaaq,GL,77.484,-69.3632,21.2,74,23,8.01,few clouds
87,Miyako,JP,39.6367,141.9525,56.37,97,100,5.91,overcast clouds
88,Geraldton,AU,-28.7667,114.6,67.12,57,100,7.36,overcast clouds
89,Karwar,IN,14.8,74.1333,79.75,82,98,2.04,overcast clouds
90,Iqaluit,CA,63.7506,-68.5145,24.53,73,75,5.99,broken clouds
91,Homer,US,59.6425,-151.5483,49.89,67,75,10.36,broken clouds
92,Havre-Saint-Pierre,CA,50.2334,-63.5986,53.96,94,90,4.61,overcast clouds
93,Ilulissat,GL,69.2167,-51.1,30.22,93,75,11.5,light snow
94,Sinnamary,GF,5.3833,-52.95,77.85,89,99,12.24,overcast clouds
95,Sao Pedro,BR,-22.5486,-47.9139,65.73,44,39,5.59,scattered clouds
96,Pisco,PE,-13.7,-76.2167,66.25,82,0,6.91,clear sky
97,Cidreira,BR,-30.1811,-50.2056,65.07,93,100,22.12,moderate rain
98,Chimoio,MZ,-19.1164,33.4833,56.62,93,0,1.97,clear sky
99,Kibala,TD,9.1104,18.3463,77.79,78,100,2.24,overcast clouds
100,Grand Gaube,MU,-20.0064,57.6608,70.2,61,39,20.74,scattered clouds
101,Bull Savanna,JM,17.8868,-77.5902,76.23,79,37,6.91,scattered clouds
102,Srednekolymsk,RU,67.45,153.6833,38.14,60,100,5.82,overcast clouds
103,Vysokogornyy,RU,50.1167,139.15,76.35,36,5,4.63,clear sky
104,Kawalu,ID,-7.3817,108.2082,81.5,67,22,3.51,few clouds
105,Provideniya,RU,64.3833,-173.3,41.67,66,45,12.62,scattered clouds
106,Zurrieq,MT,35.8311,14.4742,62.96,77,0,5.75,clear sky
107,Mezen,RU,65.8522,44.24,60.04,76,73,9.53,broken clouds
108,Catuday,PH,16.2923,119.8062,84.79,68,84,7.61,broken clouds
109,Amapa,BR,1.0,-52.0,72.55,99,100,2.46,overcast clouds
110,Truth Or Consequences,US,33.1284,-107.2528,80.91,28,40,8.57,scattered clouds
111,Constitucion,CL,-35.3333,-72.4167,49.82,83,13,4.88,few clouds
112,Touros,BR,-5.1989,-35.4608,74.3,81,4,11.16,clear sky
113,Kavieng,PG,-2.5744,150.7967,85.24,69,55,7.78,broken clouds
114,Banda Aceh,ID,5.5577,95.3222,84.16,72,93,11.54,overcast clouds
115,Taoudenni,ML,22.6783,-3.9836,92.01,25,100,9.01,overcast clouds
116,Nakamura,JP,32.9833,132.9333,64.42,74,100,4.56,light rain
117,Thompson,CA,55.7435,-97.8558,35.76,75,90,0.0,overcast clouds
118,Ewa Beach,US,21.3156,-158.0072,84.15,50,75,10.36,broken clouds
119,Lompoc,US,34.6391,-120.4579,60.78,79,90,13.8,overcast clouds
120,Mnogovershinnyy,RU,53.9353,139.9242,50.34,84,100,4.12,overcast clouds
121,Esperance,AU,-33.8667,121.9,62.44,42,100,14.0,overcast clouds
122,Funadhoo,MV,6.15,73.2667,84.29,76,100,18.97,overcast clouds
123,San Patricio,US,28.017,-97.5169,83.08,82,4,8.72,clear sky
124,College,US,64.8569,-147.8028,57.58,62,75,12.66,broken clouds
125,Vaini,TO,-21.2,-175.2,82.56,83,75,16.11,broken clouds
126,Dubbo,AU,-32.25,148.6167,64.53,55,0,11.5,clear sky
127,Te Anau,NZ,-45.4167,167.7167,51.75,70,11,0.98,few clouds
128,Pahrump,US,36.2083,-115.9839,64.11,23,38,1.01,scattered clouds
129,Helena,US,46.5927,-112.0361,32.18,89,90,4.0,snow
130,Muriti,TZ,-1.9833,32.9167,73.44,70,50,8.1,light rain
131,Katherine,AU,-14.4667,132.2667,82.72,36,5,13.35,clear sky
132,Nanortalik,GL,60.1432,-45.2371,30.51,97,98,3.71,overcast clouds
133,Kudahuvadhoo,MV,2.6708,72.8944,83.89,73,94,14.76,overcast clouds
134,Port Blair,IN,11.6667,92.75,77.04,88,90,5.75,overcast clouds
135,East London,ZA,-33.0153,27.9116,58.01,58,6,14.14,clear sky
136,Zeya,RU,53.75,127.2667,50.81,70,100,7.49,overcast clouds
137,Kirakira,SB,-10.4544,161.9205,82.65,80,48,6.33,moderate rain
138,Ribeira Grande,PT,38.5167,-28.7,59.09,66,7,17.31,clear sky
139,Plettenberg Bay,ZA,-34.0527,23.3716,51.13,73,0,6.64,clear sky
140,Rocha,UY,-34.4833,-54.3333,58.89,90,100,15.37,overcast clouds
141,Ketchikan,US,55.3422,-131.6461,48.02,87,100,7.49,light rain
142,Tran,BG,42.8353,22.6517,47.79,81,92,3.83,overcast clouds
143,Faanui,PF,-16.4833,-151.75,81.75,71,9,11.74,clear sky
144,Yar-Sale,RU,66.8333,70.8333,47.71,86,56,9.04,broken clouds
145,The Valley,AI,18.217,-63.0578,82.26,73,100,18.39,overcast clouds
146,Sompeta,IN,18.9333,84.6,84.74,69,100,3.96,overcast clouds
147,Shihezi,CN,44.3,86.0333,60.33,24,92,4.83,light rain
148,Vostok,RU,46.4856,135.8833,74.37,32,70,4.88,broken clouds
149,Kupang,ID,-10.1667,123.5833,86.58,62,20,9.22,few clouds
150,Mehamn,NO,71.0357,27.8492,34.75,69,100,24.2,overcast clouds
151,Los Llanos De Aridane,ES,28.6585,-17.9182,69.12,60,0,19.17,clear sky
152,Arraial Do Cabo,BR,-22.9661,-42.0278,73.42,90,85,10.63,overcast clouds
153,Komsomolskiy,UZ,40.4272,71.7189,65.12,42,42,9.22,scattered clouds
154,Wajima,JP,37.4,136.9,63.28,90,75,23.55,broken clouds
155,Castro,BR,-24.7911,-50.0119,58.48,66,6,5.53,clear sky
156,Isangel,VU,-19.55,169.2667,77.16,63,56,11.1,broken clouds
157,Lafia,NG,8.4833,8.5167,76.93,89,99,2.75,overcast clouds
158,Alice Springs,AU,-23.7,133.8833,74.21,21,0,11.99,clear sky
159,Port Alfred,ZA,-33.5906,26.891,55.45,66,12,15.14,few clouds
160,Kodiak,US,57.79,-152.4072,45.91,81,90,11.5,overcast clouds
161,Cabedelo,BR,-6.9811,-34.8339,75.87,63,100,11.83,overcast clouds
162,Namatanai,PG,-3.6667,152.4333,85.93,70,84,5.1,broken clouds
163,Broome,US,42.2506,-75.833,74.61,87,100,1.01,overcast clouds
164,Cherskiy,RU,68.75,161.3,34.41,74,100,11.97,overcast clouds
165,Port Lincoln,AU,-34.7333,135.8667,68.52,31,69,9.53,broken clouds
166,Dingle,PH,10.9995,122.6711,87.62,62,100,1.28,overcast clouds
167,Marechal Candido Rondon,BR,-24.5561,-54.0567,64.18,92,82,4.36,moderate rain
168,Roswell,US,34.0232,-84.3616,76.78,67,1,7.31,clear sky
169,Jabinyanah,TN,35.035,10.9081,66.0,79,17,11.7,few clouds
170,San Quintin,MX,30.4833,-115.95,60.3,62,11,22.64,few clouds
171,Fairview,US,40.8126,-73.999,74.55,48,90,0.0,overcast clouds
172,Coahuayana,MX,18.7333,-103.6833,74.05,64,94,2.75,overcast clouds
173,Varkkallai,IN,8.7341,76.7067,80.38,82,95,1.36,overcast clouds
174,Bria,CF,6.5423,21.9863,71.17,93,99,3.15,overcast clouds
175,Lyskovo,RU,56.0328,45.0422,54.63,95,100,4.18,light rain
176,Upernavik,GL,72.7868,-56.1549,26.17,96,100,6.24,overcast clouds
177,Fez,MA,34.0372,-4.9998,71.85,52,0,4.45,clear sky
178,Bonavista,CA,48.6499,-53.1147,57.2,80,95,8.86,overcast clouds
179,Storforshei,NO,66.4043,14.5233,40.66,84,100,3.22,overcast clouds
180,Correntina,BR,-13.3433,-44.6367,70.38,50,27,0.83,scattered clouds
181,Bathsheba,BB,13.2167,-59.5167,81.21,73,20,20.11,few clouds
182,Maraa,BR,-1.8333,-65.3667,73.98,97,13,2.46,few clouds
183,Klaksvik,FO,62.2266,-6.589,38.32,86,99,13.31,overcast clouds
184,Atuona,PF,-9.8,-139.0333,80.2,71,25,17.6,scattered clouds
185,Kavaratti,IN,10.5669,72.642,82.38,74,87,4.79,overcast clouds
186,Saldanha,ZA,-33.0117,17.9442,44.65,69,0,5.28,clear sky
187,Lavrentiya,RU,65.5833,-171.0,34.03,99,100,2.19,overcast clouds
188,Jalu,LY,29.0331,21.5482,68.72,42,0,11.54,clear sky
189,Rock Springs,US,41.5875,-109.2029,60.24,54,40,5.99,scattered clouds
190,Stornoway,GB,58.2093,-6.3865,49.93,87,20,5.75,few clouds
191,Vredendal,ZA,-31.6683,18.5012,52.57,71,0,3.42,clear sky
192,Hervey Bay,AU,-25.2986,152.8535,73.51,67,25,18.86,light rain
193,Biak,ID,-0.9131,122.8766,81.05,71,95,4.18,overcast clouds
194,Tabas,IR,33.5959,56.9244,79.02,18,3,4.16,clear sky
195,Jiexiu,CN,37.0244,111.9125,78.67,35,100,4.81,overcast clouds
196,Kaniama,CD,-7.5667,24.1833,64.6,61,41,4.43,scattered clouds
197,Saint George,US,37.1041,-113.5841,66.67,19,1,8.99,clear sky
198,Hithadhoo,MV,-0.6,73.0833,83.61,72,46,7.45,scattered clouds
199,Peace River,CA,56.2501,-117.286,66.51,42,20,7.23,few clouds
200,Grindavik,IS,63.8424,-22.4338,39.15,61,0,9.57,clear sky
201,Ada,US,43.4166,-116.1262,52.95,63,90,10.65,overcast clouds
202,Praia Da Vitoria,PT,38.7333,-27.0667,59.25,77,40,15.7,scattered clouds
203,Snezhnogorsk,RU,69.1933,33.2531,33.58,99,100,24.67,light snow
204,Aljezur,PT,37.3191,-8.8033,56.41,83,74,14.47,broken clouds
205,Koroni,GR,36.8,21.95,51.51,69,0,2.82,clear sky
206,Ust-Kuyga,RU,70.0167,135.6,32.18,67,100,6.4,overcast clouds
207,Shitanjing,CN,39.2342,106.3439,54.39,25,100,29.68,overcast clouds
208,Lalibela,ET,12.0333,39.0333,60.89,32,43,6.71,scattered clouds
209,San Carlos De Bariloche,AR,-41.1456,-71.3082,38.95,87,20,7.29,few clouds
210,Jamestown,US,42.097,-79.2353,71.24,62,1,8.05,clear sky
211,Dayong,CN,25.0209,118.2898,89.28,81,91,3.29,overcast clouds
212,Yulara,AU,-25.2406,130.9889,67.84,30,0,16.11,clear sky
213,Kaitangata,NZ,-46.2817,169.8464,56.93,56,11,6.06,few clouds
214,Palauig,PH,15.435,119.9045,87.1,67,73,7.76,broken clouds
215,Torbay,CA,47.6666,-52.7314,56.88,68,40,24.16,scattered clouds
216,Vila Franca Do Campo,PT,37.7167,-25.4333,59.41,67,100,9.55,overcast clouds
217,Blackwater,AU,-23.5833,148.8833,74.86,39,10,13.15,clear sky
218,Porto Novo,BJ,6.4965,2.6036,82.22,87,11,7.49,light rain
219,Laguna,US,38.421,-121.4238,77.11,46,20,8.97,few clouds
220,Tuatapere,NZ,-46.1333,167.6833,49.82,66,15,2.37,few clouds
221,Port Hardy,CA,50.6996,-127.4199,51.98,82,90,9.22,overcast clouds
222,Brockville,CA,44.5834,-75.6826,76.78,74,100,8.59,overcast clouds
223,Tortoli,IT,39.9256,9.6572,58.82,88,0,20.71,clear sky
224,Nishihara,JP,26.1842,127.7558,83.86,78,90,13.69,overcast clouds
225,Awjilah,LY,29.1081,21.2869,68.77,44,0,11.61,clear sky
226,George,ZA,-33.963,22.4617,45.95,81,0,4.61,clear sky
227,Goundam,ML,16.4145,-3.6708,91.33,28,9,12.33,clear sky
228,Roros,NO,62.5747,11.3842,31.84,93,90,1.14,overcast clouds
229,Yatou,CN,37.15,122.3833,71.2,57,0,14.18,clear sky
230,Saint-Pierre,RE,-21.3393,55.4781,71.28,65,20,9.22,few clouds
231,Aklavik,CA,68.2191,-135.0107,65.12,35,67,12.35,broken clouds
232,Pevek,RU,69.7008,170.3133,31.75,94,63,4.29,broken clouds
233,Izumo,JP,35.3667,132.7667,64.29,71,75,9.62,broken clouds
234,Le Port,RE,-20.9373,55.2919,71.6,71,88,2.26,overcast clouds
235,Lorengau,PG,-2.0226,147.2712,87.13,62,9,4.09,clear sky
236,Cayenne,GF,4.9333,-52.3333,77.09,90,90,4.0,overcast clouds
237,Severo-Kurilsk,RU,50.6789,156.125,40.87,77,23,13.31,few clouds
238,Ntoum,GA,0.3833,9.7833,74.97,98,100,2.57,light rain
239,Krasnotorka,UA,48.682,37.5327,52.74,87,87,7.49,light rain
240,Dumas,US,35.8656,-101.9732,76.35,60,1,20.71,clear sky
241,Naze,JP,28.3667,129.4833,68.92,83,100,17.52,light rain
242,Vao,NC,-22.6667,167.4833,71.89,70,9,16.22,clear sky
243,Ambulu,ID,-8.345,113.6058,81.73,73,12,1.79,few clouds
244,Baykit,RU,61.67,96.37,46.47,54,22,3.24,few clouds
245,Codrington,AU,-38.2667,141.9667,64.02,46,0,15.08,clear sky
246,Rafaela,AR,-31.2503,-61.4867,55.06,76,65,5.01,broken clouds
247,Sabha,LY,27.0377,14.4283,80.15,26,0,9.4,clear sky
248,Lannion,FR,48.75,-3.4167,48.67,93,75,13.8,broken clouds
249,Tautira,PF,-17.7333,-149.15,86.02,73,8,9.4,clear sky
250,Husavik,IS,66.0449,-17.3389,33.71,78,100,4.47,overcast clouds
251,Qaqortoq,GL,60.7167,-46.0333,34.3,87,100,8.41,overcast clouds
252,Mount Gambier,AU,-37.8333,140.7667,58.91,55,0,11.5,clear sky
253,Olga,RU,43.7444,135.2892,62.17,58,90,9.46,overcast clouds
254,Talara,PE,-4.5772,-81.2719,67.53,87,22,20.0,few clouds
255,Sandwick,GB,60.0,-1.25,40.82,70,20,17.2,few clouds
256,Shatki,RU,55.1887,44.1249,53.76,97,100,5.26,overcast clouds
257,Udachnyy,RU,66.4167,112.4,32.88,92,57,3.65,broken clouds
258,Sao Joao Da Barra,BR,-21.6403,-41.0511,72.52,91,6,7.2,clear sky
259,Santa Rosa,PH,14.3122,121.1114,91.38,59,22,4.45,few clouds
260,Nanakuli,US,21.3906,-158.1547,84.15,68,75,13.31,broken clouds
261,Central Point,US,42.376,-122.9164,61.18,45,1,7.0,clear sky
262,Camacupa,AO,-12.0167,17.4833,53.69,63,6,3.04,clear sky
263,Finnsnes,NO,69.2296,17.9811,39.81,79,71,5.3,broken clouds
264,Port Hedland,AU,-20.3167,118.5667,82.45,17,0,17.27,clear sky
265,Cap Malheureux,MU,-19.9842,57.6142,70.29,61,28,19.98,scattered clouds
266,Treinta Y Tres,UY,-33.2333,-54.3833,58.39,92,100,23.15,overcast clouds
267,Kieta,PG,-6.2167,155.6333,84.09,77,36,2.48,light rain
268,Saint-Augustin,CA,51.226,-58.6502,43.2,92,100,9.22,overcast clouds
269,Hasaki,JP,35.7333,140.8333,68.4,82,100,18.7,moderate rain
270,Perigueux,FR,45.1833,0.7167,49.62,98,65,3.87,broken clouds
271,Thanh Hoa,VN,19.8,105.7667,93.85,52,60,6.29,broken clouds
272,Shimoda,JP,34.6667,138.95,69.17,81,100,18.12,light rain
273,New Norfolk,AU,-42.7826,147.0587,60.93,61,4,1.99,clear sky
274,Ixtapa,MX,20.7,-105.2,79.83,69,1,11.5,clear sky
275,Syracuse,IT,37.0881,15.2792,63.43,56,52,8.9,broken clouds
276,Hovd,MN,48.0056,91.6419,39.11,27,94,2.28,overcast clouds
277,Hailar,CN,49.2,119.7,60.01,54,100,9.4,overcast clouds
278,Oranjemund,NA,-28.55,16.4333,55.45,76,0,7.72,clear sky
279,Waipawa,NZ,-41.4122,175.5153,57.04,68,100,6.71,overcast clouds
280,Guanare,VE,9.0418,-69.7421,80.62,83,45,4.61,scattered clouds
281,Wattegama,LK,6.7989,81.4808,77.92,79,99,7.76,overcast clouds
282,Buin,CL,-33.7333,-70.75,54.73,66,84,3.91,broken clouds
283,Omboue,GA,-1.5746,9.2618,74.91,96,100,7.43,moderate rain
284,Shubarshi,KZ,48.5872,57.1869,67.57,59,56,6.82,broken clouds
285,Port-Cartier,CA,50.0334,-66.8654,50.94,92,100,8.93,overcast clouds
286,Kitui,KE,-1.367,38.0106,61.36,90,99,6.44,overcast clouds
287,Lasem,ID,-6.6922,111.4527,83.57,71,17,4.65,few clouds
288,Lubumbashi,CD,-11.6609,27.4794,51.21,83,2,2.35,clear sky
289,Kaabong,UG,3.4836,34.1492,64.78,74,15,7.02,few clouds
290,Hambantota,LK,6.1241,81.1185,79.14,78,75,16.24,light rain
291,Cabadiangan,PH,9.7531,122.4739,85.35,67,100,5.66,overcast clouds
292,Avera,US,33.194,-82.5271,76.66,49,4,8.14,clear sky
293,Paamiut,GL,61.994,-49.6678,33.21,90,100,30.78,overcast clouds
294,Marsabit,KE,2.3284,37.9899,61.23,85,94,14.38,overcast clouds
295,Spirit River,CA,55.7833,-118.8361,64.92,42,0,9.84,clear sky
296,Vikhorevka,RU,56.1201,101.1636,47.79,44,95,6.67,overcast clouds
297,Smithers,CA,54.7804,-127.1743,66.52,18,75,10.36,broken clouds
298,George Town,MY,5.4112,100.3354,82.33,82,20,4.61,few clouds
299,Makueni,KE,-1.8041,37.6203,61.77,88,100,1.74,overcast clouds
300,Coquimbo,CL,-29.9533,-71.3436,55.13,74,0,4.85,clear sky
301,Baile Herculane,RO,44.8797,22.4125,51.19,79,100,2.93,overcast clouds
302,Koslan,RU,63.4564,48.8989,56.3,84,84,10.8,broken clouds
303,Hualmay,PE,-11.0964,-77.6139,63.55,87,49,9.22,scattered clouds
304,Pumiao,CN,22.75,108.4833,88.2,62,10,15.37,clear sky
305,Georgetown,MY,5.4112,100.3354,82.33,82,20,4.61,few clouds
306,Soyo,AO,-6.1349,12.3689,77.81,84,2,2.84,clear sky
307,Marawi,PH,7.9986,124.2928,79.65,67,77,4.29,broken clouds
308,Mahibadhoo,MV,3.7833,72.9667,84.06,73,100,16.11,overcast clouds
309,Olafsvik,IS,64.8945,-23.7142,38.48,64,2,15.32,clear sky
310,Wahpeton,US,46.2652,-96.6059,84.42,61,40,0.0,scattered clouds
311,Jiaohe,CN,43.7286,127.3447,75.43,51,31,5.73,scattered clouds
312,Sigli,ID,5.3848,95.9609,82.15,68,100,3.24,overcast clouds
313,Clyde River,CA,70.4692,-68.5914,17.83,73,90,5.75,overcast clouds
314,Orsha,BY,54.5153,30.4053,42.62,94,1,8.68,clear sky
315,Watertown,US,42.3709,-71.1828,73.15,62,1,5.01,clear sky
316,Hamilton,US,39.1834,-84.5333,74.3,71,1,0.87,clear sky
317,Pafos,CY,34.7667,32.4167,67.78,68,90,16.11,overcast clouds
318,Noyabrsk,RU,63.1994,75.4507,68.43,52,19,8.88,few clouds
319,Baruun-Urt,MN,46.6806,113.2792,54.9,51,100,9.55,light rain
320,Plastun,RU,44.7561,136.2939,58.5,68,100,7.4,overcast clouds
321,Kununurra,AU,-15.7667,128.7333,85.98,32,92,11.5,overcast clouds
322,Ballina,AU,-28.8667,153.5667,66.38,94,75,10.36,broken clouds
323,Quatre Cocos,MU,-20.2078,57.7625,69.91,64,69,16.84,broken clouds
324,Wildwood,US,38.5828,-90.6629,79.39,61,1,4.61,clear sky
325,Poum,NC,-20.2333,164.0167,74.88,65,54,21.27,broken clouds
326,Chumikan,RU,54.7183,135.315,35.42,97,100,1.95,light rain
327,Nemuro,JP,43.3236,145.575,52.23,99,100,16.71,overcast clouds
328,Bethel,US,41.3712,-73.414,67.89,64,98,3.22,overcast clouds
329,Roald,NO,62.5833,6.1333,48.25,93,90,5.75,overcast clouds
330,Kirovsk,UA,48.6375,38.6428,53.13,90,100,7.23,overcast clouds
331,Nouadhibou,MR,20.931,-17.0347,67.98,83,75,11.5,broken clouds
332,Slave Lake,CA,55.2834,-114.769,60.78,21,1,11.5,clear sky
333,Howard Springs,AU,-12.497,131.047,87.82,41,14,8.7,few clouds
334,La Asuncion,VE,11.0333,-63.8628,80.33,79,35,18.1,scattered clouds
335,Ancud,CL,-41.8697,-73.8203,51.22,88,43,4.21,light rain
336,Kuruman,ZA,-27.4524,23.4325,41.88,60,0,8.79,clear sky
337,Basoko,CD,1.2391,23.616,71.78,94,86,2.33,overcast clouds
338,Gamba,GA,-2.65,10.0,76.82,91,100,3.96,light rain
339,Gat,IL,31.61,34.7642,68.4,76,87,6.78,overcast clouds
340,Evensk,RU,61.95,159.2333,43.39,59,27,4.94,scattered clouds
341,Bossangoa,CF,6.4926,17.4552,70.25,94,100,1.34,overcast clouds
342,Neiafu,TO,-18.65,-173.9833,79.48,89,75,5.75,light rain
343,Ratnagiri,IN,16.9833,73.3,83.68,71,54,5.35,broken clouds
344,Kattivakkam,IN,13.2167,80.3167,81.07,73,100,9.33,overcast clouds
345,Tubuala,PA,9.5167,-79.0333,82.33,86,99,7.99,overcast clouds
346,Nangong,CN,37.3581,115.3744,85.1,40,61,10.71,light rain
347,Viedma,AR,-40.8135,-62.9967,50.65,95,100,5.14,light rain
348,Kikwit,CD,-5.041,18.8162,71.85,63,100,2.93,overcast clouds
349,Coihaique,CL,-45.5752,-72.0662,37.35,100,13,1.14,few clouds
350,Mangan,IN,27.5167,88.5333,80.73,53,64,2.98,broken clouds
351,Port Hawkesbury,CA,45.6169,-61.3485,58.12,69,1,4.0,clear sky
352,Destin,US,30.3935,-86.4958,77.97,74,40,0.0,scattered clouds
353,Burnie,AU,-41.0667,145.9167,55.94,72,2,3.27,clear sky
354,Vanavara,RU,60.34,102.2797,49.84,40,42,2.84,scattered clouds
355,Lerwick,GB,60.1545,-1.1494,41.0,69,100,15.68,overcast clouds
356,Zonguldak,TR,41.25,31.8333,49.73,97,100,0.98,overcast clouds
357,Dwarka,IN,22.2394,68.9678,84.33,76,14,15.84,few clouds
358,Pangnirtung,CA,66.1451,-65.7125,8.29,88,38,7.49,scattered clouds
359,Port Macquarie,AU,-31.4333,152.9167,68.9,71,39,11.12,scattered clouds
360,Fuerte Olimpo,PY,-21.0415,-57.8738,83.43,52,22,8.55,few clouds
361,Mount Isa,AU,-20.7333,139.5,78.57,34,96,12.66,overcast clouds
362,Agua Verde,MX,22.9,-106.05,82.49,72,26,5.55,scattered clouds
363,Tshikapa,CD,-6.4167,20.8,68.81,61,56,3.06,broken clouds
364,Ono,JP,34.85,134.9333,69.67,62,97,9.51,overcast clouds
365,Haimen,CN,23.1935,116.6142,89.49,68,14,11.77,few clouds
366,Cullera,ES,39.1667,-0.25,64.8,87,98,1.01,overcast clouds
367,Beaverlodge,CA,55.2166,-119.4361,63.75,36,0,9.66,clear sky
368,Beloha,MG,-25.1667,45.05,61.21,70,6,6.17,clear sky
369,Formosa,AR,-26.1775,-58.1781,67.98,83,0,6.91,clear sky
370,Vardo,NO,70.3705,31.1107,33.76,95,100,27.49,light snow
371,Adre,TD,13.4667,22.2,85.39,16,47,10.4,scattered clouds
372,Bengkulu,ID,-3.8004,102.2655,75.25,90,100,3.96,overcast clouds
373,Lincoln,US,40.8,-96.667,77.16,76,42,4.0,scattered clouds
374,Baghdad,IQ,33.3406,44.4009,89.46,13,27,8.81,scattered clouds
375,Boguchany,RU,58.3814,97.4531,50.88,40,93,1.77,overcast clouds
376,Sur,OM,22.5667,59.5289,91.31,35,0,7.54,clear sky
377,Atakpame,TG,7.5333,1.1333,72.34,92,24,4.27,few clouds
378,Kyra,RU,49.5776,111.9753,43.05,74,100,5.91,overcast clouds
379,Poronaysk,RU,49.2167,143.1167,45.14,80,74,12.91,broken clouds
380,Eureka,US,40.8021,-124.1637,56.35,74,1,5.99,clear sky
381,Alofi,NU,-19.0595,-169.9187,82.29,83,100,10.36,overcast clouds
382,Katsuura,JP,35.1333,140.3,69.84,87,100,22.37,overcast clouds
383,Mecca,SA,21.4267,39.8261,85.8,18,13,1.83,few clouds
384,Gweta,BW,-20.1833,25.2333,61.11,41,0,8.28,clear sky
385,Qiongshan,CN,20.0058,110.3542,89.58,50,0,9.71,clear sky
386,Cockburn Town,TC,21.4612,-71.1419,77.49,75,100,20.38,overcast clouds
387,Pedasi,PA,7.5333,-80.0333,74.44,77,100,8.43,overcast clouds
388,Onega,RU,63.9061,38.1404,47.23,82,69,12.59,broken clouds
389,Inuvik,CA,68.3499,-133.7218,65.16,25,20,12.66,few clouds
390,Sao Jose Da Coroa Grande,BR,-8.8978,-35.1478,77.22,82,4,8.21,clear sky
391,Elmadag,TR,39.9208,33.2308,51.78,81,30,7.27,scattered clouds
392,Marshfield,US,44.6689,-90.1718,70.68,88,75,11.5,broken clouds
393,Cap-Haitien,HT,19.7578,-72.2042,77.38,80,100,7.25,overcast clouds
394,Aneza,GR,39.0867,20.9233,60.75,74,61,2.71,broken clouds
395,Bara,NG,10.3744,10.7288,83.93,60,91,9.15,overcast clouds
396,Mocuba,MZ,-16.8392,36.9856,61.99,96,2,2.73,clear sky
397,Erzin,TR,36.9559,36.2,70.52,88,29,2.26,scattered clouds
398,Esna,EG,25.2934,32.554,78.82,26,0,16.49,clear sky
399,Fort Dodge,US,42.4975,-94.168,75.45,73,20,11.5,few clouds
400,Kajaani,FI,64.2273,27.7285,46.45,87,75,6.91,broken clouds
401,Sitka,US,57.0531,-135.33,48.09,93,90,13.8,light rain
402,Belluno,IT,46.145,12.2214,56.89,89,100,1.01,moderate rain
403,Atar,MR,20.5169,-13.0499,81.95,22,12,6.85,few clouds
404,Matamoros,MX,25.5333,-103.25,95.11,16,75,17.78,broken clouds
405,Hami,CN,42.8,93.45,56.89,12,84,10.36,broken clouds
406,Nanchong,CN,30.7951,106.0847,67.68,91,100,0.6,overcast clouds
407,Hirara,JP,24.8,125.2833,86.27,84,75,14.97,broken clouds
408,Pangody,RU,65.85,74.4859,56.98,76,49,5.44,scattered clouds
409,Sorland,NO,67.667,12.6934,42.13,80,100,22.57,overcast clouds
410,Den Helder,NL,52.9599,4.7593,51.98,92,75,29.93,broken clouds
411,Beringovskiy,RU,63.05,179.3167,32.85,89,72,2.66,broken clouds
412,Bubaque,GW,11.2833,-15.8333,77.72,81,18,12.37,few clouds
413,Mbanza-Ngungu,CD,-5.25,14.8667,67.35,96,80,3.13,broken clouds
414,Kanye,BW,-24.9667,25.3327,44.82,41,74,6.62,broken clouds
415,Sibu,MY,2.3,111.8167,82.71,83,20,5.01,few clouds
416,Black River,JM,18.0264,-77.8487,82.4,81,62,3.74,broken clouds
417,Teya,RU,60.3778,92.6267,47.66,44,93,4.5,overcast clouds
418,Acapulco,MX,16.8634,-99.8901,82.22,56,40,6.17,scattered clouds
419,Asau,RO,46.4333,26.4,48.96,90,51,5.41,broken clouds
420,Villa Guerrero,MX,18.8667,-99.65,75.58,35,87,3.4,overcast clouds
421,Guozhen,CN,34.3659,107.359,71.1,68,100,1.86,overcast clouds
422,Moose Factory,CA,51.2585,-80.6094,39.2,100,90,5.75,overcast clouds
423,Guider,CM,9.9342,13.9486,85.17,49,99,5.26,overcast clouds
424,Maltahohe,NA,-24.8333,16.9833,47.44,52,0,8.23,clear sky
425,Maniwaki,CA,46.3834,-75.966,73.78,77,100,4.7,overcast clouds
426,Iranshahr,IR,27.2025,60.6848,84.31,11,0,3.8,clear sky
427,Anchorage,US,61.2181,-149.9003,56.28,51,90,5.99,overcast clouds
428,Palana,RU,59.1167,159.9667,33.44,74,89,10.54,overcast clouds
429,Guilin,CN,25.2819,110.2864,69.91,88,97,1.86,overcast clouds
430,Piranshahr,IR,36.701,45.1413,60.96,35,28,1.54,scattered clouds
431,Bethanien,NA,-26.502,17.1583,48.94,49,0,6.46,clear sky
432,Prince Rupert,CA,54.3161,-130.3201,53.69,76,90,6.91,overcast clouds
433,Nara,JP,34.6851,135.8049,69.96,71,100,8.66,overcast clouds
434,Libohove,AL,40.0311,20.2631,51.76,85,51,3.71,broken clouds
435,Arlit,NE,18.7369,7.3853,87.73,10,0,8.25,clear sky
436,Namibe,AO,-15.1961,12.1522,71.78,65,1,5.73,clear sky
437,Andenes,NO,69.3143,16.1194,44.08,65,79,29.93,broken clouds
438,Kalabo,ZM,-14.97,22.6814,56.05,56,1,5.35,clear sky
439,Guayaramerin,BO,-10.8368,-65.3614,74.68,91,100,2.84,overcast clouds
440,Utica,US,43.1009,-75.2327,73.83,84,100,2.13,overcast clouds
441,San Pedro De Macoris,DO,18.4616,-69.2972,79.41,88,100,7.31,overcast clouds
442,Juba,SS,4.8517,31.5825,71.46,92,17,3.87,few clouds
443,Rio Gallegos,AR,-51.6226,-69.2181,37.45,100,100,3.44,overcast clouds
444,Patnagarh,IN,20.7167,83.15,87.46,52,94,3.24,overcast clouds
445,Pidvynohradiv,UA,48.1395,22.9719,48.83,84,92,4.97,overcast clouds
446,Axim,GH,4.8699,-2.2405,78.8,83,55,6.64,broken clouds
447,Cizre,TR,37.3272,42.1903,80.4,22,98,1.86,overcast clouds
448,Sal Rei,CV,16.1833,-22.9167,72.16,83,37,10.54,scattered clouds
449,Olbia,IT,40.9214,9.4856,51.85,93,0,1.14,clear sky
450,Leningradskiy,RU,69.3833,178.4167,32.95,86,100,3.31,overcast clouds
451,Bandarbeyla,SO,9.4942,50.8122,80.73,74,87,15.9,overcast clouds
452,Denpasar,ID,-8.65,115.2167,82.06,69,20,7.83,few clouds
453,Buena Vista,US,43.4203,-83.8986,79.38,46,1,3.44,clear sky
454,Gogrial,SS,8.5332,28.1004,80.98,57,48,6.29,scattered clouds
455,Narva-Joesuu,EE,59.4589,28.0408,42.44,83,100,12.59,overcast clouds
456,Ponta Delgada,PT,37.7333,-25.6667,59.72,67,40,11.5,scattered clouds
457,Sibolga,ID,1.7427,98.7792,82.9,74,92,1.79,overcast clouds
458,Paramonga,PE,-10.6667,-77.8333,64.6,84,90,9.04,overcast clouds
459,Paita,PE,-5.0892,-81.1144,67.48,81,0,17.49,clear sky
460,Sioux Lookout,CA,50.1001,-91.917,70.18,77,40,4.61,scattered clouds
461,Dubti,ET,11.7361,41.0853,88.88,33,34,2.73,scattered clouds
462,Coos Bay,US,43.3665,-124.2179,61.02,73,20,18.41,few clouds
463,Graaff-Reinet,ZA,-32.2522,24.5308,40.93,84,6,1.52,clear sky
464,Badarganj,BD,25.674,89.0549,86.72,65,100,3.38,overcast clouds
465,Saint-Philippe,RE,-21.3585,55.7679,71.19,72,76,10.29,broken clouds
466,Lyubech,UA,51.7026,30.6569,46.27,88,71,7.25,broken clouds
467,Meulaboh,ID,4.1363,96.1285,80.89,78,100,2.1,overcast clouds
468,Mitsamiouli,KM,-11.3847,43.2844,78.49,66,2,11.36,clear sky
469,Talnakh,RU,69.4865,88.3972,32.4,98,100,13.76,snow
470,Pueblo Nuevo,MX,23.3833,-105.3833,59.2,66,96,1.52,overcast clouds
471,Araouane,ML,18.9048,-3.5265,87.87,29,34,9.24,scattered clouds
472,Elmira,US,42.0898,-76.8077,75.52,81,1,2.46,clear sky
473,Oskemen,KZ,49.9565,82.6119,51.76,46,40,4.25,scattered clouds
474,Vanimo,PG,-2.6741,141.3028,83.98,76,100,2.44,overcast clouds
475,Shache,CN,38.4167,77.2406,72.48,20,100,7.65,overcast clouds
476,Boshkengash,TJ,38.4661,68.8053,64.45,63,100,2.24,overcast clouds
477,Maan,PH,5.9339,124.7356,84.04,75,83,7.11,broken clouds
478,Vestmannaeyjar,IS,63.4427,-20.2734,42.62,65,11,3.04,few clouds
479,Mopipi,BW,-21.1833,24.8833,56.46,34,0,8.34,clear sky
480,Kolyshley,RU,52.7005,44.5367,57.72,90,81,5.12,broken clouds
481,Barahona,DO,18.2085,-71.1008,78.82,73,100,1.43,overcast clouds
482,Addanki,IN,15.8167,79.9833,75.88,83,100,16.11,overcast clouds
483,Carmen,MX,18.6333,-91.8333,84.63,73,50,15.88,scattered clouds
484,Zuwarah,LY,32.9312,12.082,67.1,72,3,9.13,clear sky
485,Luderitz,NA,-26.6481,15.1594,59.63,47,0,9.46,clear sky
486,Neuquen,AR,-38.9516,-68.0591,53.49,58,40,8.05,scattered clouds
487,Ziro,IN,27.6333,93.8333,60.96,94,97,1.59,overcast clouds
488,Aykhal,RU,66.0,111.5,31.17,87,28,6.73,scattered clouds
489,Anori,BR,-3.7728,-61.6442,75.09,95,12,2.8,few clouds
490,Necochea,AR,-38.5473,-58.7368,56.03,72,100,12.66,overcast clouds
491,Dalbandin,PK,28.8947,64.4101,80.15,10,0,2.01,clear sky
492,Ferrol,ES,43.4832,-8.2369,53.28,78,99,13.33,overcast clouds
493,Sao Felix Do Xingu,BR,-6.6447,-51.995,72.7,92,31,1.66,scattered clouds
494,Helong,CN,42.5397,128.9972,79.09,36,2,9.46,clear sky
495,Gustavo Diaz Ordaz,MX,26.2333,-98.5833,82.29,70,37,15.12,scattered clouds
496,Walvis Bay,NA,-22.9575,14.5053,58.15,50,0,6.17,clear sky
497,Kjollefjord,NO,70.9457,27.3465,34.92,70,100,23.89,overcast clouds
498,San Rafael,AR,-34.6177,-68.3301,49.53,52,14,3.85,few clouds
499,Vilyuysk,RU,63.7553,121.6247,43.39,60,89,10.36,light rain
500,Bayonet Point,US,28.3267,-82.6834,78.75,61,100,1.01,overcast clouds
501,Kahului,US,20.8947,-156.47,80.62,73,40,21.85,scattered clouds
502,Salalah,OM,17.0151,54.0924,82.49,83,20,2.3,few clouds
503,Itarema,BR,-2.9248,-39.9167,76.17,86,7,9.46,clear sky
504,Bongor,TD,10.2806,15.3722,84.07,43,100,5.68,overcast clouds
505,Ayan,RU,56.45,138.1667,37.08,87,97,9.82,overcast clouds
506,Skjervoy,NO,70.0311,20.9714,38.35,68,80,14.29,broken clouds
507,Kokopo,PG,-4.352,152.2633,83.3,77,73,5.46,light rain
508,Alexandria,EG,31.2156,29.9553,68.54,77,0,9.22,clear sky
509,Tiznit,MA,29.5833,-9.5,82.69,22,30,3.4,scattered clouds
510,Akyab,MM,20.15,92.9,87.84,63,85,0.96,overcast clouds
511,Lasa,IT,46.6166,10.7002,48.94,99,100,3.51,overcast clouds
512,Kerva,RU,55.6117,39.5766,45.21,91,18,4.61,few clouds
513,Luena,AO,-11.7833,19.9167,54.27,68,5,3.98,clear sky
514,Malakal,SS,9.5334,31.6605,83.98,53,100,1.28,overcast clouds
515,Eldorado,BR,-23.7869,-54.2836,67.77,88,85,6.53,overcast clouds
516,Merauke,ID,-8.4667,140.3333,82.38,76,88,12.12,overcast clouds
517,Prado,BR,-17.3411,-39.2208,74.3,79,8,8.95,clear sky
518,Canico,PT,32.6333,-16.85,68.72,63,20,14.18,few clouds
519,Vasilsursk,RU,56.1275,46.0072,55.31,99,100,0.87,light rain
520,Girvan,GB,55.2426,-4.8555,44.6,83,93,5.06,overcast clouds
521,Fort Nelson,CA,58.8053,-122.7002,71.19,17,75,5.75,broken clouds
522,Kembe,CF,4.6228,21.8865,69.21,97,29,1.39,scattered clouds
523,Mtsensk,RU,53.2766,36.5733,43.79,83,0,4.03,clear sky
524,Kargasok,RU,59.0556,80.8572,55.45,87,100,6.55,light rain
525,Douentza,ML,14.9951,-2.9517,87.87,37,62,9.01,broken clouds
526,Sindor,RU,62.8629,51.8905,57.45,87,73,9.53,broken clouds
527,Omsukchan,RU,62.5333,155.8,34.25,90,89,4.72,overcast clouds
528,Tabou,CI,4.423,-7.3528,78.12,81,87,1.3,overcast clouds
529,Matagami,CA,49.7502,-77.6328,66.31,89,90,13.65,moderate rain
530,Saskylakh,RU,71.9167,114.0833,23.5,90,56,3.4,broken clouds
531,La Ronge,CA,55.1001,-105.2842,48.45,31,75,4.61,broken clouds
532,Hay River,CA,60.8156,-115.7999,55.38,41,20,8.05,few clouds
533,Hofn,IS,64.2539,-15.2082,36.75,59,100,15.26,overcast clouds
534,Sao Gabriel Da Cachoeira,BR,-0.1303,-67.0892,74.53,95,100,1.63,overcast clouds
535,Fortuna,US,40.5982,-124.1573,63.43,67,75,7.0,broken clouds
536,Aktas,KZ,49.7789,72.9608,56.95,49,44,7.74,scattered clouds
537,Mogocha,RU,53.7333,119.7667,39.96,58,100,9.98,overcast clouds
538,Esso,RU,55.9333,158.7,35.17,84,94,8.63,overcast clouds
539,Adrar,MR,20.5022,-10.0711,86.83,15,3,10.56,clear sky
540,Saint Anthony,US,45.0205,-93.218,78.69,78,1,1.99,clear sky
541,Grand-Lahou,CI,5.1367,-5.0242,78.39,82,100,3.91,overcast clouds
542,Weligama,LK,5.9667,80.4167,81.59,83,69,10.74,broken clouds
543,Xining,CN,36.6167,101.7667,50.13,72,98,12.1,overcast clouds
544,Katangli,RU,51.7102,143.2326,45.52,77,45,15.19,scattered clouds
545,Xique-Xique,BR,-10.8218,-42.7263,75.52,59,39,6.31,scattered clouds
546,Dickinson,US,29.4608,-95.0513,78.75,70,90,1.01,overcast clouds
547,Pemangkat,ID,1.1667,108.9667,80.82,81,96,0.92,overcast clouds
548,Santa Lucia,ES,27.9117,-15.5407,69.12,67,20,13.58,few clouds
549,Krasnogvardeyskoye,RU,45.8456,41.5186,62.51,92,100,7.31,light rain
550,Tartagal,AR,-22.5164,-63.8013,64.96,75,100,6.8,overcast clouds
551,Zhigansk,RU,66.7697,123.3711,38.7,49,57,11.36,broken clouds
552,Brits,ZA,-25.6347,27.7802,53.33,36,97,5.73,overcast clouds
553,Ciego De Avila,CU,21.84,-78.7619,74.46,70,99,11.23,overcast clouds
554,Caraz,PE,-9.0486,-77.81,61.57,83,19,1.7,few clouds
555,Bembereke,BJ,10.2283,2.6634,76.28,76,62,6.93,broken clouds
556,Novyy Urengoy,RU,66.0833,76.6333,48.6,82,64,11.83,broken clouds
557,Lae,PG,-6.7221,146.9847,83.07,66,32,6.2,scattered clouds
558,Serenje,ZM,-13.2325,30.2352,51.26,80,0,4.03,clear sky
559,Oruro,BO,-17.9833,-67.15,39.18,20,0,2.15,clear sky
560,Huilong,CN,31.8111,121.655,73.04,72,63,11.25,broken clouds
561,Fairbanks,US,64.8378,-147.7164,59.09,64,90,0.0,overcast clouds
562,Korem,ET,12.5058,39.5228,56.91,35,46,1.92,scattered clouds
563,Muswellbrook,AU,-32.2667,150.9,63.01,60,1,4.81,clear sky
564,Kaeo,NZ,-35.1,173.7833,62.33,75,100,13.18,heavy intensity rain
565,Sapulpa,US,35.9987,-96.1142,72.16,97,90,13.58,overcast clouds
566,Kuhdasht,IR,33.535,47.6061,69.22,17,1,3.13,clear sky
567,Narimanov,RU,46.6927,47.8498,69.71,51,89,12.08,overcast clouds
568,Saint-Louis,SN,16.3333,-15.0,68.76,68,8,9.51,clear sky
569,Kiunga,PG,-6.1219,141.2906,84.27,72,92,2.48,overcast clouds
570,Rudbar,AF,30.15,62.6,78.85,16,0,9.28,clear sky
571,Xinyu,CN,27.8043,114.9334,66.97,98,100,4.88,overcast clouds
572,Bratsk,RU,56.1325,101.6142,46.89,48,82,7.72,broken clouds
573,Muros,ES,42.7762,-9.0603,57.83,76,96,11.61,overcast clouds
574,Mayo,US,38.8876,-76.5119,73.81,70,1,1.01,clear sky
575,Coulommiers,FR,48.8145,3.085,51.58,78,23,5.01,few clouds
576,Mishan,CN,45.55,131.8833,75.67,37,73,6.85,broken clouds
577,Yevlax,AZ,40.6089,47.1492,64.38,88,40,0.0,scattered clouds
578,Suez,EG,29.9737,32.5263,65.77,83,1,9.26,clear sky
579,Impfondo,CG,1.6381,18.0667,72.36,99,100,2.82,overcast clouds
580,Bronnoysund,NO,65.4625,12.1997,42.8,87,100,2.3,overcast clouds
581,Ranong,TH,9.9658,98.6348,76.93,82,100,11.59,moderate rain
582,Sainte-Maxime,FR,43.3,6.6333,60.84,90,100,6.4,overcast clouds
583,Seddon,AU,-37.8068,144.8916,66.7,52,0,8.99,clear sky
584,Iturama,BR,-19.7281,-50.1956,75.81,40,100,7.96,overcast clouds
585,Huangchuan,CN,32.1272,115.0394,78.31,60,95,5.39,overcast clouds
586,Bambanglipuro,ID,-7.95,110.2833,82.87,73,50,7.52,scattered clouds
587,Kerrville,US,30.0474,-99.1403,77.25,71,1,8.05,clear sky
588,Saint-Joseph,RE,-21.3667,55.6167,70.18,71,53,12.62,broken clouds
589,Lapeer,US,43.0514,-83.3188,81.09,64,1,0.0,clear sky
590,Oktyabrskoye,RU,43.0645,44.7417,68.14,50,40,6.04,scattered clouds
591,Querendaro,MX,19.8667,-100.9167,70.16,24,80,5.23,broken clouds
592,Iwo,NG,7.6333,4.1833,73.81,98,85,3.65,overcast clouds
593,Mana,GF,5.6592,-53.7767,77.58,89,76,11.65,broken clouds
594,Manggar,ID,-2.8833,108.2667,86.27,69,81,11.27,broken clouds
595,Tigil,RU,57.8,158.6667,36.19,89,100,9.91,overcast clouds
596,Agirish,RU,61.9247,63.0231,67.68,50,0,7.83,clear sky
597,Roma,US,43.2128,-75.4557,75.88,63,1,0.0,clear sky
598,Ulladulla,AU,-35.35,150.4667,66.67,61,86,3.65,overcast clouds
599,Kapit,MY,2.0167,112.9333,76.14,97,100,0.36,overcast clouds
600,Nabire,ID,-3.3667,135.4833,84.97,73,81,2.57,light rain
601,Karratha,AU,-20.7377,116.8463,81.19,19,0,12.68,clear sky
602,Alta Floresta,BR,-9.8756,-56.0861,75.69,86,94,0.56,overcast clouds
603,Norman Wells,CA,65.282,-126.8329,69.84,26,75,20.71,broken clouds
604,Watsa,CD,3.0372,29.5355,63.86,99,39,3.04,scattered clouds
605,Saint-Michel-Des-Saints,CA,46.6834,-73.9159,66.04,85,100,5.12,overcast clouds
606,Sobolevo,RU,54.4299,31.8996,42.66,92,2,7.4,clear sky
607,Sorong,ID,-0.8833,131.25,81.99,78,87,8.84,overcast clouds
608,Vila,PT,42.0304,-8.1588,46.92,92,100,3.38,overcast clouds
609,Nazarovo,RU,56.0064,90.3914,45.81,61,99,5.66,overcast clouds
610,Okhotsk,RU,59.3833,143.3,39.94,64,100,7.61,overcast clouds
611,Moron,AR,-34.6534,-58.6198,58.75,97,100,10.02,moderate rain
612,Russell,US,32.3502,-85.1999,78.03,58,40,4.9,scattered clouds
613,Kongolo,CD,-5.3833,27.0,69.85,74,25,3.2,scattered clouds
614,Bilma,NE,18.6853,12.9164,85.23,12,0,6.11,clear sky
615,Robertsport,LR,6.7533,-11.3686,79.88,82,62,1.25,moderate rain
616,Maniitsoq,GL,65.4167,-52.9,30.81,76,100,29.68,overcast clouds
617,Oistins,BB,13.0667,-59.5333,80.69,61,20,21.85,few clouds
618,Mae Sai,TH,20.4335,99.8762,88.45,51,16,3.24,few clouds
619,Fort Frances,CA,48.5999,-93.4003,79.02,47,1,6.91,clear sky
620,Pangoa,PE,-12.1167,-73.0,69.42,93,100,3.09,overcast clouds
621,Ust-Kut,RU,56.7938,105.7672,48.9,31,100,6.08,overcast clouds
622,Virginia Beach,US,36.8529,-75.978,64.42,85,20,0.0,few clouds
623,San Andres,CO,12.5847,-81.7006,82.42,78,75,11.5,broken clouds
624,Airai,TL,-8.9266,125.4092,72.28,54,64,3.44,broken clouds
625,Mandalgovi,MN,45.7625,106.2708,50.63,17,8,26.31,clear sky
626,Belmonte,BR,-15.8631,-38.8828,75.7,80,11,7.05,few clouds
627,Catamarca,AR,-28.4696,-65.7852,54.05,67,7,7.7,clear sky
628,Teguise,ES,29.0605,-13.564,66.42,84,0,20.33,clear sky
629,Pitelino,RU,54.5777,41.8145,48.81,94,79,6.76,broken clouds
630,Balkanabat,TM,39.5108,54.3671,88.59,17,0,9.8,clear sky
631,Mayumba,GA,-3.432,10.6554,77.23,88,55,2.75,broken clouds
632,Rila,BG,42.1333,23.1333,48.97,80,55,3.36,broken clouds
633,Buta,CD,2.7858,24.73,69.26,98,100,2.42,light rain
634,Mantes-La-Ville,FR,48.9737,1.7025,51.67,68,99,20.36,overcast clouds
635,Shingu,JP,33.7333,135.9833,67.91,60,100,1.61,overcast clouds
636,Puerto Baquerizo Moreno,EC,-0.9,-89.6,74.77,82,23,14.79,few clouds
637,Ndele,CF,8.4109,20.6473,75.94,76,100,3.18,overcast clouds
638,Naliya,IN,23.2667,68.8333,85.53,67,65,16.69,broken clouds
639,Podyuga,RU,61.095,40.8647,46.26,93,31,8.7,scattered clouds
640,Ustrzyki Dolne,PL,49.4304,22.5938,54.46,74,52,13.02,broken clouds
641,Balabac,PH,7.9868,117.0645,85.64,69,97,8.5,overcast clouds
642,Whitecourt,CA,54.1502,-115.6855,58.24,23,1,4.61,clear sky
643,Acu,BR,-5.5767,-36.9086,74.97,78,1,9.53,clear sky
644,Diu,IN,20.7141,70.9822,82.98,75,34,10.16,scattered clouds
645,Parabel,RU,58.6978,81.4825,52.75,87,100,6.64,light rain
646,Rio Branco,BR,-9.9747,-67.81,77.61,87,0,3.36,clear sky
647,Susanville,US,40.4163,-120.653,48.04,68,90,11.99,overcast clouds
648,Kerema,PG,-7.9631,145.7785,81.37,81,100,5.39,overcast clouds
649,Fuchu,JP,35.6667,139.4833,72.66,88,75,6.91,light rain
650,Ust-Omchug,RU,61.15,149.6333,42.19,59,55,1.92,broken clouds
651,Sunndalsora,NO,62.6754,8.5515,48.85,85,10,7.0,clear sky
652,El Tigre,VE,8.8875,-64.2454,79.81,63,59,14.03,broken clouds
653,Dunedin,NZ,-45.8742,170.5036,56.34,54,9,1.63,clear sky
654,Weyburn,CA,49.6668,-103.8511,39.42,87,100,14.97,overcast clouds
655,Quelimane,MZ,-17.8786,36.8883,71.55,94,0,5.01,clear sky
656,Bela Cruz,BR,-3.0506,-40.1678,71.91,94,7,4.99,clear sky
657,Mier,MX,26.4333,-99.15,86.68,62,7,18.88,clear sky
658,Albania,AL,41.0,20.0,51.19,78,37,3.49,scattered clouds
659,Mersing,MY,2.4312,103.8405,78.71,94,40,4.61,scattered clouds
660,Aiken,US,33.5835,-81.5998,78.35,47,1,8.05,clear sky
661,Byron Bay,AU,-28.65,153.6167,71.55,70,33,8.88,scattered clouds
662,Ishinomaki,JP,38.4167,141.3,62.6,96,100,5.41,overcast clouds
663,Georgiyevka,KZ,43.0369,74.7114,60.84,44,0,7.09,clear sky
664,Leczyca,PL,52.0596,19.1997,54.16,86,100,10.6,overcast clouds
665,Mizdah,LY,31.4451,12.9801,58.98,79,0,10.2,clear sky
666,Pavlovka,RU,52.6897,47.1405,62.01,68,63,10.49,broken clouds
667,West Wendover,US,40.7391,-114.0733,58.21,33,1,13.8,clear sky
668,San Pedro,PH,14.35,121.0167,90.63,56,20,5.86,few clouds
669,Amahai,ID,-3.3333,128.9167,80.06,84,99,3.13,overcast clouds
670,Clonakilty,IE,51.6231,-8.8706,43.81,89,10,10.87,clear sky
671,Puro,PH,12.4841,123.3827,85.55,66,33,2.62,scattered clouds
672,Danielskuil,ZA,-28.1887,23.5395,38.62,70,0,5.39,clear sky
673,Stephenville,US,32.2207,-98.2023,77.59,73,1,10.36,clear sky
674,Soto La Marina,MX,23.7667,-98.2167,78.78,74,4,9.64,clear sky
675,Hope,US,33.6671,-93.5916,73.45,98,100,5.93,light rain
676,Umm Lajj,SA,25.0213,37.2685,81.34,66,7,7.4,clear sky
677,Mananjary,MG,-21.2167,48.3333,68.34,79,70,2.26,broken clouds
678,Zvishavane,ZW,-20.3267,30.0665,56.41,55,0,1.05,clear sky
679,Novobelokatay,RU,55.7062,58.9549,60.21,81,100,4.41,overcast clouds
680,Anadyr,RU,64.75,177.4833,39.7,92,75,6.76,broken clouds
681,Nuqui,CO,5.7125,-77.2708,79.59,88,100,3.6,light rain
682,Bereda,ES,43.2686,-7.5406,48.92,90,98,5.55,overcast clouds
683,Tibacuy,CO,4.3511,-72.4564,76.8,88,100,5.95,overcast clouds
684,Kumba,CM,4.6363,9.4469,72.57,98,99,2.62,moderate rain
685,Varhaug,NO,58.6147,5.6457,50.9,85,99,13.62,light rain
686,Igrim,RU,63.1906,64.4162,68.95,42,23,7.34,few clouds
687,Angoche,MZ,-16.2325,39.9086,75.34,71,87,2.1,light rain
688,Zalantun,CN,48.0,122.7167,85.21,25,2,16.55,clear sky
689,High Level,CA,58.5169,-117.136,68.11,34,75,8.86,broken clouds
690,Constantine,DZ,36.365,6.6147,69.21,42,0,6.91,clear sky
691,Aswan,EG,24.0934,32.907,81.52,19,0,12.71,clear sky
692,Preobrazheniye,RU,42.9019,133.9064,59.49,73,92,9.4,overcast clouds
693,Iquique,CL,-20.2208,-70.1431,60.84,76,61,4.23,broken clouds
694,Plattsburgh,US,44.6995,-73.4529,77.32,73,1,6.46,clear sky
695,Rantepao,ID,-2.9701,119.8978,81.43,55,75,2.35,broken clouds
696,Champerico,GT,14.3,-91.9167,85.35,73,1,6.53,clear sky
697,Nome,US,64.5011,-165.4064,37.17,87,90,19.57,overcast clouds
